<?xml version="1.0" encoding="UTF-8" standalone="yes"?>
<addon id="repository.flubshi" name="flubshi Add-ons (dev)" version="0.1" provider-name="flubshi">
	<extension point="xbmc.addon.repository" name="flubshi">
		<info>https://raw.githubusercontent.com/flubshi/kodi-repo/master/addons.xml</info>
		<checksum>https://raw.githubusercontent.com/flubshi/kodi-repo/master/addons.xml.md5</checksum>
		<datadir zip="true">https://raw.githubusercontent.com/flubshi/kodi-repo/master/</datadir>
	</extension>
	<extension point="xbmc.addon.metadata">
		<summary lang="en">flubshi dev repository</summary>
		<summary lang="de">flubshi dev repository</summary>
		<description lang="en">Repository for kodi addons provided by flubshi</description>
		<description lang="de">Repository für Kodi addons bereitgestellt von flubshi</description>
		<disclaimer></disclaimer>
		<platform>all</platform>
	</extension>
</addon>
